1,Andrew Robertson,C919
2,Ann Jones,X064
3,Blair Foster,X682
4,Bob Dawson,X780
5,Chris Smith,X782
6,Dave Jackson,X316
7,David Hunter,X278
8,Donald Murray,X720
9,Fiona Thoms,X475
10,Gillian Hamilton,X386
11,Harry Johnston,X857
12,Helen Webster,X309
13,Jack Houston,X733
14,Jo Hill,X285
15,Joe Woods,X213
16,John Brown,X009
17,Judy Hilman,X904
18,Keith Burns,X552
19,Lily Watson,X121
20,Lucy Grey,X025
21,Mary Brown,X198
22,Pamela Field,X521
23,Peter White,X036
24,Robert Murray,X606
25,Susan Turner,X214
26,Thomas Young,X507
27,Tim Smith,X020
28,Tony Lawson,X086
29,Ursula Milton,X746
30,Viola Nicholson,X540
